Season,Total change
Winter,2.806377143
Spring,1.899580952
Summer,1.411161905
Fall,1.375047619
